{
    "human_readable_description": "STMRGBIRDenebolaB0.0_27",
    "cx": 983.4941047111079,
    "cy": 560.6795161035227,
    "fx": 970.4978698841452,
    "fy": 970.9119239441428,
    "k": [-0.28944832182996194, 0.08790194148021913, -0.011466914559717696],
    "p": [0.0005840352177281866, -0.00020425032215879],
    "mean_reprojection_error": 0.11816045565769281,
    "mirrored_horizontally": true,
    "tags": ["wide"],
    "width": 1944,
    "height": 1204
}

